taxa,accession,date,Year,Country,Host,Segment,ProtMut,TotProtMut,Lineage
DQ380183|1987-06-15,DQ380183,1987-06-15,1987,Mauritania,Homo sapiens,M,"L232Q,I442V,D566G,I595V,R605K,I631V,V659A,S1059T",8,N
DQ380184|1987-06-15,DQ380184,1987-06-15,1987,Mauritania,Homo sapiens,M,"L232Q,I442V,D566G,I595V,R605K,I631V,V659A,S1059T",8,N
DQ380185|1987-06-15,DQ380185,1987-06-15,1987,Mauritania,Homo sapiens,M,"L232Q,I442V,D566G,I595V,R605K,I631V,V659A,K746R,T1037S,S1059T",10,N
DQ380186|1987-06-15,DQ380186,1987-06-15,1987,Mauritania,Homo sapiens,M,"R120Q,L232Q,I442V,D566G,I595V,R605K,I631V,V659A,R848K,S1059T",10,N
DQ380189|1975-06-15,DQ380189,1975-06-15,1975,South Africa,Homo sapiens,M,"S10T,S34Y,I103V,G133R,L232Q,I442V,D566G,I595V,R605K,A626V,I631V,V659A,S1059T",13,L
DQ380196|1998-06-15,DQ380196,1998-06-15,1998,Kenya,Homo sapiens,M,"I60V,D95N,A123T,L232Q,Y433F,D566G,I631V,S942N,S1059T,D1066E",10,C
DQ380200|1977-06-15,DQ380200,1977-06-15,1977,Egypt,Homo sapiens,M,"L232Q,D566G,I602V",3,A
DQ380203|1978-06-15,DQ380203,1978-06-15,1978,Egypt,Homo sapiens,M,"L232Q,D566G",2,A
DQ380210|1979-06-15,DQ380210,1979-06-15,1979,Madagascar,Homo sapiens,M,"H166Y,L232Q,H377R,A427T,I442V,D566G,N710D,S921P",8,A
DQ380211|1973-06-15,DQ380211,1973-06-15,1973,Central African Republic,Homo sapiens,M,"L232Q,S517N,D566G,I631V,E739D,D987E,S1059T",7,E
DQ380212|1974-06-15,DQ380212,1974-06-15,1974,Central African Republic,Homo sapiens,M,"L232Q,S517N,D566G,I631V,E739D,D987E,S1059T",7,E
DQ380218|1985-06-15,DQ380218,1985-06-15,1985,Central African Republic,Homo sapiens,M,"E50G,L232Q,Y275N,D566G,I631V,S1059T",6,G
DQ380219|1985-06-15,DQ380219,1985-06-15,1985,Central African Republic,Homo sapiens,M,"L232Q,D566G,I631V,S1059T",4,G
DQ380221|1973-06-15,DQ380221,1973-06-15,1973,Central African Republic,Homo sapiens,M,"I126V,L232Q,R392K,D566G,I631V,T808I,S1059T",7,D
JF311377|2008-06-15,JF311377,2008-06-15,2008,Madagascar,Homo sapiens,M,"I60V,D95N,L232Q,T484A,V589I,I595T,I602V,I631V,V659A,G661R,I954V,S1059T",12,C
JF311378|2008-06-15,JF311378,2008-06-15,2008,Madagascar,Homo sapiens,M,"I60V,D95N,L232Q,D566G,V589I,I595T,I602V,I631V,V659A,I954V,S1059T",11,C
JF311379|2008-06-15,JF311379,2008-06-15,2008,Madagascar,Homo sapiens,M,"I60V,D95N,L232Q,D566G,V589I,I595T,I602V,I631V,V659A,I954V,S1059T",11,C
JF311380|2008-06-15,JF311380,2008-06-15,2008,Madagascar,Homo sapiens,M,"I60V,D95N,L232Q,D566G,V589I,I595T,I602V,I631V,V659A,I954V,S1059T",11,C
JF311381|1991-06-15,JF311381,1991-06-15,1991,Madagascar,Homo sapiens,M,"I60V,D95N,E196K,L232Q,D566G,I631V,S689T,S1059T,I1071V",9,C
KJ782453|1985-06-15,KJ782453,1985-06-15,1985,Central African Republic,Homo sapiens,M,"E50G,L232Q,Y275N,D566G,I631V,S1059T",6,G
KX632067|2016-06-15,KX632067,2016-06-15,2016,Angola,Homo sapiens,M,"V17I,L232Q,D566G,I595V,R605K,K608R,R615K,I631V,V659A,V685I,S1059T",11,K
KY126690|2010-06-15,KY126690,2010-06-15,2010,South Africa,Homo sapiens,M,"I9T,I60V,L232Q,D566G,I631V,D987E,S1059T,T1131I",8,H
KY126691|2010-06-15,KY126691,2010-06-15,2010,South Africa,Homo sapiens,M,"I9T,I60V,L232Q,D566G,I631V,D987E,S1059T,T1131I",8,H
KY126692|2010-06-15,KY126692,2010-06-15,2010,South Africa,Homo sapiens,M,"I9T,I60V,L232Q,D566G,I631V,D987E,S1059T,T1131I",8,H
KY126693|2010-06-15,KY126693,2010-06-15,2010,South Africa,Homo sapiens,M,"I7V,L232Q,M385I,D566G,I595V,R605K,K608R,R615K,I631V,V659A,V685I,S1059T",12,K
KY126694|2010-06-15,KY126694,2010-06-15,2010,South Africa,Homo sapiens,M,"I9T,I60V,L232Q,M266V,D566G,I631V,D987E,S1059T,T1131I",9,H
KY126695|2010-06-15,KY126695,2010-06-15,2010,South Africa,Homo sapiens,M,"I9T,I60V,L232Q,M246T,D566G,I631V,D987E,T1055A,S1059T,T1131I",10,H
KY126696|2010-06-15,KY126696,2010-06-15,2010,South Africa,Homo sapiens,M,"I9T,I60V,L232Q,F345L,D566G,I631V,E918G,D987E,S1059T,T1131I",10,H
KY126697|2010-06-15,KY126697,2010-06-15,2010,South Africa,Homo sapiens,M,"I9T,I60V,L232Q,D566G,I631V,D987E,S1059T,T1131I",8,H
KY126698|2010-06-15,KY126698,2010-06-15,2010,South Africa,Homo sapiens,M,"I9T,E54G,I60V,L232Q,T384S,D566G,V606M,I631V,D987E,S1059T,T1131I",11,H
KY126699|2010-06-15,KY126699,2010-06-15,2010,South Africa,Homo sapiens,M,"I9T,I60V,L232Q,M266V,V347A,H377Y,D566G,I631V,D987E,S1059T,T1131I",11,H
KY126700|2010-06-15,KY126700,2010-06-15,2010,South Africa,Homo sapiens,M,"I9T,I60V,A177T,L232Q,I445V,D566G,I631V,D987E,S1059T,T1131I",10,H
KY126701|2011-06-15,KY126701,2011-06-15,2011,South Africa,Homo sapiens,M,"I9T,I60V,L232Q,E323K,I445V,D566G,I631V,D987E,S1059T,T1131I",10,H
KY126702|2011-06-15,KY126702,2011-06-15,2011,South Africa,Homo sapiens,M,"I9T,I60V,P156L,L232Q,I445V,D566G,I631V,D987E,S1059T,T1131I",10,H
KY126703|2004-06-15,KY126703,2004-06-15,2004,Namibia,Homo sapiens,M,"I114V,L232Q,D566G,I631V,S1059T",5,G
KY126707|2008-06-15,KY126707,2008-06-15,2008,South Africa,Homo sapiens,M,"I60V,A82T,D95N,L232Q,D566G,V589I,I595T,I602V,I631V,V659A,I954V,S1059T",12,C
KY126709|2009-06-15,KY126709,2009-06-15,2009,South Africa,Homo sapiens,M,"I9T,I60V,L232Q,D566G,I631V,D987E,S1059T,T1131I",8,H
MG659734|2010-06-15,MG659734,2010-06-15,2010,South Africa,Homo sapiens,M,"I9T,I60V,L232Q,M266V,D566G,I631V,D987E,S1059T,T1131I",9,H
MG659735|2010-06-15,MG659735,2010-06-15,2010,South Africa,Homo sapiens,M,"I9T,I60V,L232Q,D566G,I631V,D987E,S1059T,T1131I",8,H
MG659736|2010-06-15,MG659736,2010-06-15,2010,South Africa,Homo sapiens,M,"I9T,I60V,L232Q,D566G,I631V,D987E,S1059T,T1131I",8,H
MG659737|2010-06-15,MG659737,2010-06-15,2010,South Africa,Homo sapiens,M,"I9T,I60V,L232Q,L302S,D566G,I631V,D987E,S1059T,T1131I",9,H
MG659738|2010-06-15,MG659738,2010-06-15,2010,South Africa,Homo sapiens,M,"I9T,I60V,L232Q,M266V,D566G,I631V,D987E,S1059T,T1131I",9,H
MG659739|2010-06-15,MG659739,2010-06-15,2010,South Africa,Homo sapiens,M,"I9T,I60V,L232Q,D566G,I631V,N812S,D987E,S1059T,T1131I",9,H
MG659740|2010-06-15,MG659740,2010-06-15,2010,South Africa,Homo sapiens,M,"I9T,I60V,M136I,L232Q,D566G,I631V,D987E,S1059T,T1131I",9,H
MG659741|2010-06-15,MG659741,2010-06-15,2010,South Africa,Homo sapiens,M,"I9T,I60V,L232Q,D566G,I631V,D987E,S1059T,T1131I",8,H
MG659742|2010-06-15,MG659742,2010-06-15,2010,South Africa,Homo sapiens,M,"I9T,I60V,M131K,L232Q,D566G,I631V,D987E,S1059T,T1131I",9,H
MG659743|2010-06-15,MG659743,2010-06-15,2010,South Africa,Homo sapiens,M,"I9T,I60V,L232Q,D566G,I631V,D987E,S1059T,T1131I",8,H
MG659744|2010-06-15,MG659744,2010-06-15,2010,South Africa,Homo sapiens,M,"I9T,E54G,I60V,L232Q,D566G,I631V,D987E,S1059T,T1131I",9,H
MG659745|2010-06-15,MG659745,2010-06-15,2010,South Africa,Homo sapiens,M,"I9T,I60V,D98G,L232Q,D566G,I631V,D987E,S1059T,T1131I",9,H
MG659746|2010-06-15,MG659746,2010-06-15,2010,South Africa,Homo sapiens,M,"I9T,I60V,L232Q,D566G,I631V,D987E,S1059T,T1131I",8,H
MG659747|2010-06-15,MG659747,2010-06-15,2010,South Africa,Homo sapiens,M,"I9T,I60V,L232Q,D566G,I631V,D987E,S1059T,T1131I",8,H
MG659748|2010-06-15,MG659748,2010-06-15,2010,South Africa,Homo sapiens,M,"I9T,I60V,Y206H,L232Q,M266V,H408R,D566G,I631V,D987E,S1059T,T1131I",11,H
MG659749|2010-06-15,MG659749,2010-06-15,2010,South Africa,Homo sapiens,M,"I9T,I60V,L232Q,D566G,I631V,D987E,S1059T,T1131I",8,H
MG659750|2010-06-15,MG659750,2010-06-15,2010,South Africa,Homo sapiens,M,"I9T,I60V,L232Q,D566G,I631V,D987E,S1059T,T1131I",8,H
MG659751|2010-06-15,MG659751,2010-06-15,2010,South Africa,Homo sapiens,M,"I9T,I60V,L232Q,D566G,I631V,D987E,S1059T,T1131I",8,H
MG659752|2010-06-15,MG659752,2010-06-15,2010,South Africa,Homo sapiens,M,"I9T,I60V,L232Q,D566G,I631V,A688T,D987E,S1059T,T1131I",9,H
MG659753|2010-06-15,MG659753,2010-06-15,2010,South Africa,Homo sapiens,M,"I9T,I60V,L232Q,D566G,I631V,D987E,S1059T,T1131I",8,H
MG659754|2010-06-15,MG659754,2010-06-15,2010,South Africa,Homo sapiens,M,"I9T,I60V,L232Q,D566G,I631V,D987E,S1059T,T1131I",8,H
MG659755|2010-06-15,MG659755,2010-06-15,2010,South Africa,Homo sapiens,M,"I9T,I60V,L232Q,I500M,D566G,I631V,D987E,S1059T,T1131I",9,H
MG659756|2010-06-15,MG659756,2010-06-15,2010,South Africa,Homo sapiens,M,"I9T,I60V,L232Q,D566G,I631V,D987E,S1059T,T1131I",8,H
MG659757|2010-06-15,MG659757,2010-06-15,2010,South Africa,Homo sapiens,M,"I9T,I60V,L232Q,I445V,D566G,I631V,D987E,S1059T,T1131I",9,H
MG659758|2010-06-15,MG659758,2010-06-15,2010,South Africa,Homo sapiens,M,"I9T,I60V,L232Q,D566G,I631V,D987E,S1059T,T1131I",8,H
MG659759|2010-06-15,MG659759,2010-06-15,2010,South Africa,Homo sapiens,M,"I9T,I60V,L232Q,D566G,I631V,D987E,S1059T,T1131I",8,H
MG659760|2010-06-15,MG659760,2010-06-15,2010,South Africa,Homo sapiens,M,"I9T,I60V,L232Q,Y381H,D566G,I631V,D987E,S1059T,T1131I",9,H
MG659761|2010-06-15,MG659761,2010-06-15,2010,South Africa,Homo sapiens,M,"I9T,I60V,L232Q,D566G,I631V,D987E,S1059T,T1131I,L1161F",9,H
MG659762|2010-06-15,MG659762,2010-06-15,2010,South Africa,Homo sapiens,M,"I9T,I60V,L232Q,E323K,I445V,D566G,I631V,D987E,S1059T,T1131I",10,H
MG659763|2010-06-15,MG659763,2010-06-15,2010,South Africa,Homo sapiens,M,"I9T,I60V,L232Q,D566G,I631V,D987E,S1059T,T1131I",8,H
MG659764|2010-06-15,MG659764,2010-06-15,2010,South Africa,Homo sapiens,M,"I9T,I60V,L232Q,D566G,I631V,E907D,D987E,S1059T,T1131I",9,H
MG659765|2010-06-15,MG659765,2010-06-15,2010,South Africa,Homo sapiens,M,"I9T,I60V,L232Q,D566G,T625I,I631V,D987E,S1059T,T1131I",9,H
MG659766|2010-06-15,MG659766,2010-06-15,2010,South Africa,Homo sapiens,M,"I9T,I60V,L232Q,D566G,I631V,D987E,S1059T,T1131I",8,H
MG659767|2010-06-15,MG659767,2010-06-15,2010,South Africa,Homo sapiens,M,"I9T,I60V,L232Q,D566G,I631V,D987E,S1059T,T1131I",8,H
MG659768|2010-06-15,MG659768,2010-06-15,2010,South Africa,Homo sapiens,M,"I9T,I60V,L232Q,D566G,I631V,D987E,S1059T,T1131I",8,H
MG659769|2010-06-15,MG659769,2010-06-15,2010,South Africa,Homo sapiens,M,"I9T,I60V,L232Q,I445V,D566G,I631V,D987E,S1059T,T1131I",9,H
MG659770|2010-06-15,MG659770,2010-06-15,2010,South Africa,Homo sapiens,M,"I9T,I60V,L232Q,D566G,I631V,D987E,S1059T,T1131I",8,H
MG659771|2010-06-15,MG659771,2010-06-15,2010,South Africa,Homo sapiens,M,"I9T,I60V,L232Q,D566G,I631V,D987E,S1059T,T1131I",8,H
MG659772|2010-06-15,MG659772,2010-06-15,2010,South Africa,Homo sapiens,M,"I9T,I60V,L232Q,I445V,D566G,I602V,I631V,D987E,S1059T,T1131I",10,H
MG659773|2010-06-15,MG659773,2010-06-15,2010,South Africa,Homo sapiens,M,"I9T,I60V,A123V,L232Q,I445V,D566G,I631V,D987E,S1059T,T1131I",10,H
MG659774|2010-06-15,MG659774,2010-06-15,2010,South Africa,Homo sapiens,M,"I9T,I60V,L232Q,M266V,D566G,I631V,D987E,S1059T,T1131I",9,H
MG659775|2010-06-15,MG659775,2010-06-15,2010,South Africa,Homo sapiens,M,"I9T,I60V,L232Q,A432T,D566G,I631V,D987E,S1059T,T1131I",9,H
MG659776|2010-06-15,MG659776,2010-06-15,2010,South Africa,Homo sapiens,M,"I9T,I60V,L232Q,D566G,I631V,D987E,S1059T,T1131I",8,H
MG659777|2010-06-15,MG659777,2010-06-15,2010,South Africa,Homo sapiens,M,"I9T,I60V,L232Q,D566G,I631V,D987E,S1059T,K1111R,T1131I",9,H
MG659778|2010-06-15,MG659778,2010-06-15,2010,South Africa,Homo sapiens,M,"I9T,I60V,L232Q,I445V,D566G,I631V,D987E,S1059T,T1131I",9,H
MG659779|2010-06-15,MG659779,2010-06-15,2010,South Africa,Homo sapiens,M,"I9T,I60V,L232Q,D398N,I445V,D566G,I631V,D987E,S1059T,T1131I",10,H
MG659780|2010-06-15,MG659780,2010-06-15,2010,South Africa,Homo sapiens,M,"I9T,I60V,L232Q,I445V,D566G,I631V,D987E,S1059T,T1131I",9,H
MG659781|2010-06-15,MG659781,2010-06-15,2010,South Africa,Homo sapiens,M,"I9T,I60V,L232Q,D566G,I631V,D987E,S1059T,T1131I",8,H
MG659782|2010-06-15,MG659782,2010-06-15,2010,South Africa,Homo sapiens,M,"I9T,I60V,L232Q,M266V,D566G,I631V,D987E,S1059T,T1131I",9,H
MG659783|2010-06-15,MG659783,2010-06-15,2010,South Africa,Homo sapiens,M,"I9T,I60V,L232Q,D566G,I631V,D987E,S1059T,T1131I",8,H
MG659784|2010-06-15,MG659784,2010-06-15,2010,South Africa,Homo sapiens,M,"I9T,I60V,E97K,L232Q,I445V,D566G,I631V,D987E,S1059T,T1131I",10,H
MG659785|2010-06-15,MG659785,2010-06-15,2010,South Africa,Homo sapiens,M,"I9T,I60V,M131K,L232Q,D566G,I631V,E805K,D987E,S1059T,T1131I",10,H
MG659786|2010-06-15,MG659786,2010-06-15,2010,South Africa,Homo sapiens,M,"I9T,I60V,L232Q,M266V,D566G,I631V,D987E,S1059T,T1131I",9,H
MG659787|2010-06-15,MG659787,2010-06-15,2010,South Africa,Homo sapiens,M,"I9T,I60V,L232Q,Y433H,D566G,I631V,D987E,S1059T,T1131I",9,H
MG659788|2010-06-15,MG659788,2010-06-15,2010,South Africa,Homo sapiens,M,"I9T,I60V,L232Q,T384A,D566G,I631V,D987E,S1059T,T1131I",9,H
MG659789|2010-06-15,MG659789,2010-06-15,2010,South Africa,Homo sapiens,M,"I9T,I60V,L232Q,D566G,I631V,D987E,S1059T,T1131I",8,H
MG659790|2010-06-15,MG659790,2010-06-15,2010,South Africa,Homo sapiens,M,"I9T,I60V,L232Q,I445V,D566G,I631V,N968S,D987E,S1059T,T1131I",10,H
MG659791|2010-06-15,MG659791,2010-06-15,2010,South Africa,Homo sapiens,M,"I9T,I60V,L232Q,D566G,I631V,D987E,S1059T,T1131I",8,H
MG659792|2010-06-15,MG659792,2010-06-15,2010,South Africa,Homo sapiens,M,"I9T,I60V,L232Q,D566G,I631V,D987E,S1059T,T1131I",8,H
MG659793|2010-06-15,MG659793,2010-06-15,2010,South Africa,Homo sapiens,M,"I9T,I60V,L232Q,I445V,D566G,I631V,D987E,S1059T,T1131I",9,H
MG659794|2010-06-15,MG659794,2010-06-15,2010,South Africa,Homo sapiens,M,"I9T,I60V,L232Q,I445V,D566G,I631V,S871T,D987E,S1059T,T1131I",10,H
MG659795|2010-06-15,MG659795,2010-06-15,2010,South Africa,Homo sapiens,M,"I9T,I60V,V150A,L232Q,D566G,I631V,D987E,S1059T,T1131I",9,H
MG659796|2010-06-15,MG659796,2010-06-15,2010,South Africa,Homo sapiens,M,"I9T,I60V,L232Q,D566G,I631V,D987E,S1059T,T1131I",8,H
MG659797|2010-06-15,MG659797,2010-06-15,2010,South Africa,Homo sapiens,M,"I9T,I60V,L232Q,D566G,I631V,D987E,S1059T,T1131I",8,H
MG659798|2010-06-15,MG659798,2010-06-15,2010,South Africa,Homo sapiens,M,"I9T,I60V,L232Q,D566G,I631V,E739A,D987E,S1059T,T1131I",9,H
MG659799|2010-06-15,MG659799,2010-06-15,2010,South Africa,Homo sapiens,M,"I9T,I60V,L232Q,I445V,D566G,I631V,D987E,S1059T,T1131I",9,H
MG659800|2010-06-15,MG659800,2010-06-15,2010,South Africa,Homo sapiens,M,"I9T,I60V,L232Q,D566G,I631V,Y687C,D987E,S1059T,T1131I",9,H
MG659801|2010-06-15,MG659801,2010-06-15,2010,South Africa,Homo sapiens,M,"I9T,I60V,L232Q,D310N,D566G,I631V,S1059T,T1131I",8,H
MG659802|2010-06-15,MG659802,2010-06-15,2010,South Africa,Homo sapiens,M,"I9T,I60V,L232Q,I445V,D566G,I631V,D987E,S1059T,T1131I",9,H
MG659803|2010-06-15,MG659803,2010-06-15,2010,South Africa,Homo sapiens,M,"I9T,I60V,A177T,L232Q,I445V,D566G,I631V,D987E,S1059T,T1113A,T1131I",11,H
MG659804|2011-06-15,MG659804,2011-06-15,2011,South Africa,Homo sapiens,M,"I9T,I60V,L232Q,D566G,I631V,D987E,S1059T,T1131I",8,H
MG659805|2011-06-15,MG659805,2011-06-15,2011,South Africa,Homo sapiens,M,"I9T,I60V,L232Q,D566G,I631V,D987E,S1059T,T1131I",8,H
MG659806|2011-06-15,MG659806,2011-06-15,2011,South Africa,Homo sapiens,M,"I9T,I60V,L232Q,D566G,I631V,D987E,S1059T,T1131I",8,H
MG659807|2011-06-15,MG659807,2011-06-15,2011,South Africa,Homo sapiens,M,"I9T,I60V,L232Q,F283L,D566G,I631V,D987E,S1059T,T1131I",9,H
MG659808|2011-06-15,MG659808,2011-06-15,2011,South Africa,Homo sapiens,M,"I9T,I60V,L232Q,D566G,I631V,D987E,I1052V,S1059T,T1131I",9,H
MG659809|2011-06-15,MG659809,2011-06-15,2011,South Africa,Homo sapiens,M,"I9T,I60V,L232Q,D566G,I631V,D987E,S1059T,T1131I",8,H
MG659810|2011-06-15,MG659810,2011-06-15,2011,South Africa,Homo sapiens,M,"I9T,I60V,L232Q,V342I,D566G,I631V,D987E,S1059T,T1131I",9,H
MG659811|2011-06-15,MG659811,2011-06-15,2011,Namibia,Homo sapiens,M,"I9T,I60V,L232Q,D566G,I631V,D987E,S1059T,T1131I",8,H
MG659814|1976-06-15,MG659814,1976-06-15,1976,Zimbabwe,Homo sapiens,M,"D95N,L232Q,D566G,I631V,G868D,D987E,S1059T",7,C
MG659818|1975-06-15,MG659818,1975-06-15,1975,Senegal,Homo sapiens,M,"L232Q,N431S,D566S,I595V,I597M,R605K,I631V,V659A,R848K,S1059T,V1167I",11,N
OR972327|2018-06-15,OR972327,2018-06-15,2018,Kenya,Homo sapiens,M,"I60V,D95N,L232Q,I442S,D566G,I631V,S1059T,T1183I",8,C
DQ380187|1983-06-15,DQ380187,1983-06-15,1983,Burkina Faso,Vector,M,"L232Q,H543N,D566G,I595V,R605K,I631V,V659A,V803I,V940I,S1059T",10,N
DQ380188|1970-06-15,DQ380188,1970-06-15,1970,Zimbabwe,Livestock,M,"S10T,I103V,L232Q,E276G,D566G,I595V,R605K,I631V,V659A,S1059T",10,L
DQ380190|1965-06-15,DQ380190,1965-06-15,1965,Kenya,Livestock,M,"S10T,N36S,R111Q,E175G,L232Q,N252K,K453R,I529M,D566G,I595V,R605K,I631V,L658P,V659A,V975A,S1059T",16,L
DQ380191|1944-06-15,DQ380191,1944-06-15,1944,Uganda,Vector,M,"V3A,Y74H,I114V,L232Q,T390I,D566G,I595V,R605K,I631V,I873V,S1059T",11,K
DQ380192|1951-06-15,DQ380192,1951-06-15,1951,Kenya,Livestock,M,"V3A,Y74H,I114V,L232Q,T390I,D566G,I595V,R605K,I631V,I873V,P924S,S1059T",12,K
DQ380194|1974-06-15,DQ380194,1974-06-15,1974,Zimbabwe,Livestock,M,"H92Y,L232Q,I552M,D566G,I595V,R605K,I631V,V659A,I873L,D987E,S1059T",11,K
DQ380195|1951-06-15,DQ380195,1951-06-15,1951,South Africa,Livestock,M,"L232Q,H408R,D566G,I595V,R605K,I631V,V659A,I863V,S1059T",9,I
DQ380198|1983-06-15,DQ380198,1983-06-15,1983,Kenya,Vector,M,"D95N,D98N,L232Q,D566G,I631V,V659A,S1059T",7,C
DQ380199|1977-06-15,DQ380199,1977-06-15,1977,Egypt,Vector,M,"L232Q,M385K,D566G,I602V",4,A
DQ380201|1977-06-15,DQ380201,1977-06-15,1977,Egypt,Vector,M,"L232Q,D566G,I602V",3,A
DQ380204|1978-06-15,DQ380204,1978-06-15,1978,Egypt,Vector,M,"L232Q,N431K,D566G",3,A
DQ380205|1979-06-15,DQ380205,1979-06-15,1979,Egypt,Livestock,M,"L232Q,D566G",2,A
DQ380207|1978-06-15,DQ380207,1978-06-15,1978,Egypt,Livestock,M,"L232Q,S547A,D566G,Q645H,R949K",5,A
DQ380209|1974-06-15,DQ380209,1974-06-15,1974,Zimbabwe,Livestock,M,"L232Q,D566G,R1047K",3,A
DQ380214|1978-06-15,DQ380214,1978-06-15,1978,Zimbabwe,Livestock,M,"L232Q,D566G,Y604H,I631V,E739D,S1059T",6,E
DQ380215|1981-06-15,DQ380215,1981-06-15,1981,Guinea,Wildlife,M,"L232Q,T384K,M385L,D566G,I631V,K633R,A670V,S1059T,K1111R",9,G
DQ380216|1984-06-15,DQ380216,1984-06-15,1984,Guinea,Wildlife,M,"L232Q,T384K,M385L,D566G,I631V,K633R,A670V,T966S,E977K,S1059T,K1111R",11,G
DQ380217|1969-06-15,DQ380217,1969-06-15,1969,Central African Republic,Vector,M,"L232Q,Q286L,D566G,I631V,K633R,A670V,S1059T,K1111R",8,E
DQ380220|1978-06-15,DQ380220,1978-06-15,1978,Zimbabwe,Livestock,M,"L232Q,I442V,D566G,I631V,S1059T",5,E
DQ380222|1974-06-15,DQ380222,1974-06-15,1974,Zimbabwe,Livestock,M,"L232Q,Y381H,D566G,I595V,R605K,R615K,I631V,V659A,S1059T",9,I
EF460404|2007-06-15,EF460404,2007-06-15,2007,Kenya,Vector,M,"I60V,D95N,L232Q,D566G,V589I,I595T,I602V,V606M,K616I,I631V,V659A,I954V,S1059T",13,C
EU574031|2007-06-15,EU574031,2007-06-15,2007,Kenya,Livestock,M,"I60V,D95N,L232Q,N261S,D566G,I631V,S1059T",7,C
EU574032|2007-06-15,EU574032,2007-06-15,2007,Kenya,Livestock,M,"I60V,D95N,L232Q,D566G,V589I,I595T,I602V,I631V,V659A,I954V,S1059T",11,C
EU574033|2007-06-15,EU574033,2007-06-15,2007,Kenya,Livestock,M,"I60V,D95N,L232Q,D566G,V589I,I595T,I602V,I631V,V659A,I954V,S1059T",11,C
EU574034|2007-06-15,EU574034,2007-06-15,2007,Kenya,Livestock,M,"I60V,D95N,L232Q,D566G,V589I,I595T,I602V,I631V,V659A,I954V,S1059T",11,C
EU574035|2007-06-15,EU574035,2007-06-15,2007,Kenya,Livestock,M,"I60V,D95N,L232Q,D566G,V589I,I595T,I602V,I631V,V659A,I954V,S1059T",11,C
EU574036|2007-06-15,EU574036,2007-06-15,2007,Kenya,Livestock,M,"I60V,D95N,L232Q,D566G,V589I,I595T,I602V,R629K,I631V,V659A,I954V,S1059T",12,C
EU574037|2007-06-15,EU574037,2007-06-15,2007,Kenya,Livestock,M,"I60V,D95N,L232Q,D566G,V589I,I595T,I602V,I631V,V659A,I954V,D987E,V1007I,S1059T",13,C
EU574038|2007-06-15,EU574038,2007-06-15,2007,Kenya,Livestock,M,"I60V,D95N,L232Q,D566G,V589I,I595T,I602V,I631V,V659A,I954V,D987E,V1007I,S1059T",13,C
EU574039|2007-06-15,EU574039,2007-06-15,2007,Kenya,Livestock,M,"I60V,D95N,R121K,L232Q,D566G,V589I,I595T,I602V,I631V,V659A,I954V,S1059T",12,C
EU574040|2006-06-15,EU574040,2006-06-15,2006,Kenya,Livestock,M,"I60V,D95N,L232Q,D566G,I631V,K746M,D987E,S1059T",8,C
EU574041|2006-06-15,EU574041,2006-06-15,2006,Kenya,Livestock,M,"I60V,D95N,L232Q,D566G,V589I,I595T,I602V,I631V,V659A,I954V,S1059T",11,C
EU574042|2007-06-15,EU574042,2007-06-15,2007,Kenya,Livestock,M,"I60V,D95N,L232Q,D566G,V589I,I595T,I602V,I631V,V659A,I954V,S1059T,F1142L",12,C
EU574043|2007-06-15,EU574043,2007-06-15,2007,Kenya,Livestock,M,"L22I,I60V,D95N,L232Q,D566G,V589I,I595T,I602V,I631V,V659A,I954V,S1059T",12,C
EU574044|2007-06-15,EU574044,2007-06-15,2007,Kenya,Livestock,M,"I60V,D95N,L232Q,D566G,I631V,S1059T",6,C
EU574045|2007-06-15,EU574045,2007-06-15,2007,Kenya,Livestock,M,"I60V,D95N,L232Q,D566G,V589I,I595T,I602V,R629K,I631V,V659A,I954V,S1059T",12,C
EU574046|2007-06-15,EU574046,2007-06-15,2007,Kenya,Livestock,M,"I60V,D95N,L232Q,D566G,V589I,I595T,I602V,I631V,V659A,I954V,S1059T,F1142L",12,C
EU574047|2007-06-15,EU574047,2007-06-15,2007,Kenya,Livestock,M,"I60V,S70N,D95N,L232Q,D566G,V589I,I595T,I602V,I631V,V659A,I954V,S1059T",12,C
EU574048|2007-06-15,EU574048,2007-06-15,2007,Kenya,Livestock,M,"I60V,D95N,L232Q,D566G,V589I,I595T,I602V,I631V,V659A,I954V,S1059T,F1142L",12,C
EU574049|2007-06-15,EU574049,2007-06-15,2007,Kenya,Livestock,M,"I60V,D95N,L232Q,D566G,I631V,K746M,D987E,S1059T",8,C
EU574050|2007-06-15,EU574050,2007-06-15,2007,Kenya,Livestock,M,"I60V,D95N,L232Q,D566G,V589I,I595T,I602V,I631V,V659A,I954V,S1059T",11,C
EU574051|2007-06-15,EU574051,2007-06-15,2007,Kenya,Livestock,M,"I60V,D95N,L232Q,D566G,V589I,I595T,I602V,I631V,V659A,I954V,S1059T",11,C
EU574052|2007-06-15,EU574052,2007-06-15,2007,Kenya,Livestock,M,"I60V,D95N,L232Q,D566G,V589I,I595T,I602V,I631V,V659A,I954V,S1059T",11,C
EU574053|2007-06-15,EU574053,2007-06-15,2007,Kenya,Livestock,M,"I60V,D95N,L232Q,D566G,V589I,I595T,I602V,I631V,V659A,I954V,S1059T",11,C
EU574054|2007-06-15,EU574054,2007-06-15,2007,Kenya,Livestock,M,"I60V,D95N,L232Q,D566G,V589I,I595T,I602V,I631V,V659A,I954V,S1059T",11,C
EU574055|2007-06-15,EU574055,2007-06-15,2007,Kenya,Livestock,M,"I60V,D95N,L232Q,D566G,I631V,S1059T",6,C
EU574056|2007-06-15,EU574056,2007-06-15,2007,Kenya,Livestock,M,"I60V,D95N,L232Q,D566G,V589I,I595T,I602V,I631V,V659A,I954V,S1059T",11,C
HQ009512|2008-06-15,HQ009512,2008-06-15,2008,Madagascar,Livestock,M,"I60V,D95N,L232Q,D566G,V589I,I595T,I602V,I631V,V659A,I954V,S1059T",11,C
JF309200|2007-06-15,JF309200,2007-06-15,2007,Kenya,Livestock,M,"I60V,D95N,L232Q,D566G,V589I,I595T,I602V,I631V,V659A,I954V,S1059T",11,C
JF311382|1991-06-15,JF311382,1991-06-15,1991,Madagascar,Livestock,M,"I60V,D95N,P156L,L232Q,T523A,D566G,I631V,S1059T,I1160M",9,C
JF311383|2008-06-15,JF311383,2008-06-15,2008,Madagascar,Livestock,M,"I60V,D95N,L232Q,D566G,V589I,I595T,I602V,I631V,V659A,I954V,S1059T",11,C
JF311384|2008-06-15,JF311384,2008-06-15,2008,Madagascar,Livestock,M,"I60V,D95N,L232Q,D566G,V589I,I595T,I602V,I631V,V659A,E739V,I932V,I954V,S1059T",13,C
JF311385|2008-06-15,JF311385,2008-06-15,2008,Madagascar,Livestock,M,"I60V,D95N,L232Q,D566G,V589I,I595T,I602V,I631V,V659A,I954V,S1059T",11,C
JF784387|1974-06-15,JF784387,1974-06-15,1974,South Africa,Livestock,M,"S10T,S34Y,I103V,L232Q,I442V,D566G,I595V,R605K,N619D,A626V,I631V,V659A,S1059T",13,L
JQ068143|2009-06-15,JQ068143,2009-06-15,2009,South Africa,Livestock,M,"L232Q,M385I,D566G,I595V,R605K,K608R,R615K,I631V,V659A,V685I,S1059T",11,K
KM210509|2010-06-15,KM210509,2010-06-15,2010,Mauritania,Livestock,M,"G42R,I126V,L232Q,V492I,D566G,I595V,R605K,R615K,I631V,V659A,E739D,S1059T",12,K
KU167026|1955-06-15,KU167026,1955-06-15,1955,Uganda,Vector,M,"L232Q,D386V,D566G,I595V,R605K,I631V,V659A,K712R,S1059T",9,K
KX096939|2006-06-15,KX096939,2006-06-15,2006,Kenya,Vector,M,"I60V,D95N,L232Q,D566G,V589I,I595T,I602V,I631V,V659A,I954V,S1059T",11,C
KY126704|2008-06-15,KY126704,2008-06-15,2008,South Africa,Wildlife,M,"I60V,D95N,L232Q,D566G,V589I,I595T,I602V,I631V,V659A,I954V,R1047K,S1059T",12,C
KY126705|2008-06-15,KY126705,2008-06-15,2008,South Africa,Wildlife,M,"I60V,D95N,L232Q,T390A,D566G,V589I,I595T,I602V,I631V,V659A,V785G,I954V,S1059T",13,C
KY126706|2008-06-15,KY126706,2008-06-15,2008,South Africa,Livestock,M,"I60V,A82T,D95N,L232Q,D566G,V589I,I595T,I602V,I631V,V659A,I954V,S1059T",12,C
KY126708|2009-06-15,KY126708,2009-06-15,2009,South Africa,Livestock,M,"I60V,D95N,L232Q,D566G,V589I,I595T,I602V,I631V,V659A,I954V,S1059T",11,C
KY126710|1955-06-15,KY126710,1955-06-15,1955,South Africa,Vector,M,"K110R,L232Q,D566G,I595V,R605K,I631V,V659A,G661R,S1059T,K1065E",10,I
KY126711|1956-06-15,KY126711,1956-06-15,1956,South Africa,Livestock,M,"L232Q,R392K,D566G,I595V,R605K,I631V,V659A,G661R,S1059T,K1065E",10,I
KY126712|1971-06-15,KY126712,1971-06-15,1971,South Africa,Vector,M,"S10T,I103V,L232Q,K241R,H377R,D566G,I595V,R605K,I631V,V659A,V709I,S1059T",12,L
KY126713|1981-06-15,KY126713,1981-06-15,1981,South Africa,Vector,M,"I126M,L232Q,M266V,D566G,I598T,I631V,T860S,D987E,S1059T",9,F
KY126714|1999-06-15,KY126714,1999-06-15,1999,South Africa,Wildlife,M,"I60V,D95N,I103T,I126M,L232Q,F345I,K391N,D544N,D566G,I631V,V785A,S1059T",12,C
MG659733|1955-06-15,MG659733,1955-06-15,1955,South Africa,Vector,M,"L232Q,R392K,D566G,I595V,R605K,I631V,V659A,A688T,S1059T",9,K
MG659812|1962-06-15,MG659812,1962-06-15,1962,Kenya,Livestock,M,"I114V,L232Q,D566G,R605K,I631V,V659A,S1059T",7,K
MG659813|1972-06-15,MG659813,1972-06-15,1972,Kenya,Livestock,M,"L232Q,D566G,V888I,S1059T",4,A
MG659815|1978-06-15,MG659815,1978-06-15,1978,Zimbabwe,Livestock,M,"D95N,L232Q,K241E,D566G,I631V,S1059T,A1116V",7,C
MG659816|1978-06-15,MG659816,1978-06-15,1978,Zimbabwe,Livestock,M,"D95N,L232Q,D566G,I631V,F767Y,S1059T,I1178V,Y1179H",8,C
MG659817|1955-06-15,MG659817,1955-06-15,1955,Uganda,Vector,M,"L232Q,D386V,D566G,I595V,R605K,I631V,V659A,K712R,S1059T",9,K
OM744365|2021-06-15,OM744365,2021-06-15,2021,Kenya,Livestock,M,"I60V,D95N,L232Q,Y429H,D566G,I631V,S1059T,T1183I",8,C
OM744366|2021-06-15,OM744366,2021-06-15,2021,Kenya,Livestock,M,"I60V,D95N,L232Q,K378E,D566G,I631V,S1059T,T1183I",8,C
OM744367|2021-06-15,OM744367,2021-06-15,2021,Kenya,Livestock,M,"I60V,D95N,L232Q,D566G,I631V,S1059T,T1183I",7,C
OM744368|2021-06-15,OM744368,2021-06-15,2021,Kenya,Livestock,M,"I60V,D95N,L232Q,D566G,I631V,S1059T,T1183I",7,C
OM744369|2021-06-15,OM744369,2021-06-15,2021,Kenya,Livestock,M,"I60V,D95N,L232Q,E276G,D566G,I631V,S1059T,T1183I",8,C
NC_014396|1977-06-15,NC_014396,1977-06-15,1977,Reference,Reference,M,NA,NA,A
